{"cameraMode":{"drawMode":0,"name":"Shaded","section":"Shading Mode"},"sceneLighting":false,"audioPlay":false,"sceneViewState":{"showFog":true,"showMaterialUpdate":false,"showSkybox":false,"showFlares":true,"showImageEffects":true,"showParticleSystems":true},"in2DMode":false,"pivot":{"x":-1.3577336072921754,"y":0.8481584787368774,"z":-1.4730814695358277},"rotation":{"x":-0.029857218265533448,"y":-0.9178507328033447,"z":0.07069039344787598,"w":-0.38961830735206606},"size":2.2660489082336427,"orthographic":false}