{"cameraMode":{"drawMode":0,"name":"Shaded","section":"Shading Mode"},"sceneLighting":false,"audioPlay":false,"sceneViewState":{"showFog":true,"showMaterialUpdate":false,"showSkybox":false,"showFlares":true,"showImageEffects":true,"showParticleSystems":true},"in2DMode":false,"pivot":{"x":227.67808532714845,"y":49.45860290527344,"z":133.304443359375},"rotation":{"x":0.025627946481108667,"y":-0.9630908370018005,"z":0.2500971555709839,"w":0.09723726660013199},"size":25.154722213745118,"orthographic":false}