{"cameraMode":{"drawMode":0,"name":"Shaded","section":"Shading Mode"},"sceneLighting":false,"audioPlay":false,"sceneViewState":{"showFog":true,"showMaterialUpdate":false,"showSkybox":false,"showFlares":true,"showImageEffects":true,"showParticleSystems":true},"in2DMode":false,"pivot":{"x":-0.010123908519744873,"y":-0.016358690336346628,"z":-5.587935447692871e-9},"rotation":{"x":-0.012606811709702015,"y":-0.002014681464061141,"z":0.00039472166099585593,"w":-1.0000290870666505},"size":0.38062790036201479,"orthographic":false}