{"cameraMode":{"drawMode":0,"name":"Shaded","section":"Shading Mode"},"sceneLighting":false,"audioPlay":false,"sceneViewState":{"showFog":true,"showMaterialUpdate":false,"showSkybox":false,"showFlares":true,"showImageEffects":true,"showParticleSystems":true},"in2DMode":false,"pivot":{"x":-2.065441608428955,"y":3.9691884517669679,"z":-2.229053497314453},"rotation":{"x":-0.2956501543521881,"y":-0.66196608543396,"z":0.3216800093650818,"w":-0.6091943979263306},"size":4.842077732086182,"orthographic":false}